detaļas_numurs;urbums;X_cm;Y_cm;Z_cm;ass;diametrs_cm;dziļums_cm;piezīme
P01-1;Kokskrūves caurums;13;13;72,2;z;0,9;0,8;"Cauri plāksnei; virziens pa pozitīvo asi"
P01-1;Kokskrūves caurums;13;27;72,2;z;0,9;0,8;"Cauri plāksnei; virziens pa pozitīvo asi"
P01-1;Kokskrūves caurums;27;13;72,2;z;0,9;0,8;"Cauri plāksnei; virziens pa pozitīvo asi"
P01-1;Kokskrūves caurums;27;27;72,2;z;0,9;0,8;"Cauri plāksnei; virziens pa pozitīvo asi"
P02-1;skrūves caurums;20;20;3;z;1,8;0,8;"Cauri plāksnei; virziens pa pozitīvo asi"
P01-2;Kokskrūves caurums;223;13;72,2;z;0,9;0,8;"Cauri plāksnei; virziens pa pozitīvo asi"
P01-2;Kokskrūves caurums;223;27;72,2;z;0,9;0,8;"Cauri plāksnei; virziens pa pozitīvo asi"
P01-2;Kokskrūves caurums;237;13;72,2;z;0,9;0,8;"Cauri plāksnei; virziens pa pozitīvo asi"
P01-2;Kokskrūves caurums;237;27;72,2;z;0,9;0,8;"Cauri plāksnei; virziens pa pozitīvo asi"
P02-2;skrūves caurums;230;20;3;z;1,8;0,8;"Cauri plāksnei; virziens pa pozitīvo asi"
P01-3;Kokskrūves caurums;13;98;72,2;z;0,9;0,8;"Cauri plāksnei; virziens pa pozitīvo asi"
P01-3;Kokskrūves caurums;13;112;72,2;z;0,9;0,8;"Cauri plāksnei; virziens pa pozitīvo asi"
P01-3;Kokskrūves caurums;27;98;72,2;z;0,9;0,8;"Cauri plāksnei; virziens pa pozitīvo asi"
P01-3;Kokskrūves caurums;27;112;72,2;z;0,9;0,8;"Cauri plāksnei; virziens pa pozitīvo asi"
P02-3;skrūves caurums;20;105;3;z;1,8;0,8;"Cauri plāksnei; virziens pa pozitīvo asi"
P01-4;Kokskrūves caurums;223;98;72,2;z;0,9;0,8;"Cauri plāksnei; virziens pa pozitīvo asi"
P01-4;Kokskrūves caurums;223;112;72,2;z;0,9;0,8;"Cauri plāksnei; virziens pa pozitīvo asi"
P01-4;Kokskrūves caurums;237;98;72,2;z;0,9;0,8;"Cauri plāksnei; virziens pa pozitīvo asi"
P01-4;Kokskrūves caurums;237;112;72,2;z;0,9;0,8;"Cauri plāksnei; virziens pa pozitīvo asi"
P02-4;skrūves caurums;230;105;3;z;1,8;0,8;"Cauri plāksnei; virziens pa pozitīvo asi"
S01-1;ventilācija;125;47;15;z;0,6;0,3;"Tikai viena caurules siena; virziens pa pozitīvo asi"
S01-2;ventilācija;125;78;15;z;0,6;0,3;"Tikai viena caurules siena; virziens pa pozitīvo asi"
S02-1;ventilācija;20;62,5;15;z;0,6;0,3;"Tikai viena caurules siena; virziens pa pozitīvo asi"
S02-2;ventilācija;230;62,5;15;z;0,6;0,3;"Tikai viena caurules siena; virziens pa pozitīvo asi"
S03-1;ventilācija;53;62,5;19;z;0,6;0,3;"Tikai viena caurules siena; virziens pa pozitīvo asi"
S03-2;ventilācija;65;62,5;19;z;0,6;0,3;"Tikai viena caurules siena; virziens pa pozitīvo asi"
S03-3;ventilācija;77;62,5;19;z;0,6;0,3;"Tikai viena caurules siena; virziens pa pozitīvo asi"
S03-4;ventilācija;89;62,5;19;z;0,6;0,3;"Tikai viena caurules siena; virziens pa pozitīvo asi"
S03-5;ventilācija;101;62,5;19;z;0,6;0,3;"Tikai viena caurules siena; virziens pa pozitīvo asi"
S03-6;ventilācija;113;62,5;19;z;0,6;0,3;"Tikai viena caurules siena; virziens pa pozitīvo asi"
S03-7;ventilācija;125;62,5;19;z;0,6;0,3;"Tikai viena caurules siena; virziens pa pozitīvo asi"
S03-8;ventilācija;137;62,5;19;z;0,6;0,3;"Tikai viena caurules siena; virziens pa pozitīvo asi"
S03-9;ventilācija;149;62,5;19;z;0,6;0,3;"Tikai viena caurules siena; virziens pa pozitīvo asi"
S03-10;ventilācija;161;62,5;19;z;0,6;0,3;"Tikai viena caurules siena; virziens pa pozitīvo asi"
S03-11;ventilācija;173;62,5;19;z;0,6;0,3;"Tikai viena caurules siena; virziens pa pozitīvo asi"
S03-12;ventilācija;185;62,5;19;z;0,6;0,3;"Tikai viena caurules siena; virziens pa pozitīvo asi"
S03-13;ventilācija;197;62,5;19;z;0,6;0,3;"Tikai viena caurules siena; virziens pa pozitīvo asi"
W01;Kokskrūves priekšurbums no apakšas;13;13;73;z;Pēc izvēlētās kokskrūves ražotāja;3,2;"Dziļuma ierobežotājs; cauri virsmai neurbt; pārnest pēc sausās montāžas"
W01;Kokskrūves priekšurbums no apakšas;13;27;73;z;Pēc izvēlētās kokskrūves ražotāja;3,2;"Dziļuma ierobežotājs; cauri virsmai neurbt; pārnest pēc sausās montāžas"
W01;Kokskrūves priekšurbums no apakšas;27;13;73;z;Pēc izvēlētās kokskrūves ražotāja;3,2;"Dziļuma ierobežotājs; cauri virsmai neurbt; pārnest pēc sausās montāžas"
W01;Kokskrūves priekšurbums no apakšas;27;27;73;z;Pēc izvēlētās kokskrūves ražotāja;3,2;"Dziļuma ierobežotājs; cauri virsmai neurbt; pārnest pēc sausās montāžas"
W01;Kokskrūves priekšurbums no apakšas;223;13;73;z;Pēc izvēlētās kokskrūves ražotāja;3,2;"Dziļuma ierobežotājs; cauri virsmai neurbt; pārnest pēc sausās montāžas"
W01;Kokskrūves priekšurbums no apakšas;223;27;73;z;Pēc izvēlētās kokskrūves ražotāja;3,2;"Dziļuma ierobežotājs; cauri virsmai neurbt; pārnest pēc sausās montāžas"
W01;Kokskrūves priekšurbums no apakšas;237;13;73;z;Pēc izvēlētās kokskrūves ražotāja;3,2;"Dziļuma ierobežotājs; cauri virsmai neurbt; pārnest pēc sausās montāžas"
W01;Kokskrūves priekšurbums no apakšas;237;27;73;z;Pēc izvēlētās kokskrūves ražotāja;3,2;"Dziļuma ierobežotājs; cauri virsmai neurbt; pārnest pēc sausās montāžas"
W01;Kokskrūves priekšurbums no apakšas;13;98;73;z;Pēc izvēlētās kokskrūves ražotāja;3,2;"Dziļuma ierobežotājs; cauri virsmai neurbt; pārnest pēc sausās montāžas"
W01;Kokskrūves priekšurbums no apakšas;13;112;73;z;Pēc izvēlētās kokskrūves ražotāja;3,2;"Dziļuma ierobežotājs; cauri virsmai neurbt; pārnest pēc sausās montāžas"
W01;Kokskrūves priekšurbums no apakšas;27;98;73;z;Pēc izvēlētās kokskrūves ražotāja;3,2;"Dziļuma ierobežotājs; cauri virsmai neurbt; pārnest pēc sausās montāžas"
W01;Kokskrūves priekšurbums no apakšas;27;112;73;z;Pēc izvēlētās kokskrūves ražotāja;3,2;"Dziļuma ierobežotājs; cauri virsmai neurbt; pārnest pēc sausās montāžas"
W01;Kokskrūves priekšurbums no apakšas;223;98;73;z;Pēc izvēlētās kokskrūves ražotāja;3,2;"Dziļuma ierobežotājs; cauri virsmai neurbt; pārnest pēc sausās montāžas"
W01;Kokskrūves priekšurbums no apakšas;223;112;73;z;Pēc izvēlētās kokskrūves ražotāja;3,2;"Dziļuma ierobežotājs; cauri virsmai neurbt; pārnest pēc sausās montāžas"
W01;Kokskrūves priekšurbums no apakšas;237;98;73;z;Pēc izvēlētās kokskrūves ražotāja;3,2;"Dziļuma ierobežotājs; cauri virsmai neurbt; pārnest pēc sausās montāžas"
W01;Kokskrūves priekšurbums no apakšas;237;112;73;z;Pēc izvēlētās kokskrūves ražotāja;3,2;"Dziļuma ierobežotājs; cauri virsmai neurbt; pārnest pēc sausās montāžas"
