pozīcija;daudzums;apraksts;piezīme
H07;4;M16 metināms uzgrieznis;"Kājas iekšpusē virs P02; izvēlēties pirms metināšanas."
H08;4;"M16 regulējams balsts; paliktnis ap Ø8 cm; vismaz 300 kg katram";"Paliktnis ne augstāks par 2 cm; kāts vismaz 6 cm; regulējums 2,85–3,19 cm no grīdas līdz P02 apakšai."
H09;4;"M16 plāns kontruzgrieznis; nomināli 0,8 cm";"Ietilpst starp balsta paliktni un P02; pārbaudīt vītnes saķeri."
H10;16;"Koka seškanšu skrūve Ø0,8 × 4 cm; garums zem galvas";"Kvalitatīva kokskrūve ar rupju vītni; priekšurbums no apakšas pēc ražotāja norādes. Ne ģipškartona skrūve."
H12;16;"Paplāksne skrūvei Ø0,8; ārējais Ø ap 2; biezums ap 0,2 cm";"Zem P01; nomināli 3 cm skrūves ieiet saplāksnī, ap 2 cm līdz virspusei."
W01;1;Bērza saplāksnis 250×125×5 cm, RIGA PLY BB/WG EXT LN;Kods 0015001250250000061L. Cenu un pieejamību apstiprināt pirms pasūtīšanas.
W02;2;Bērza saplākšņa darba dēlis 60×45×2,1 cm;"Atsevišķs materiāls; noapaļot malas, pārklāt ar noņemamu audeklu."
W03;2;Mazgājams, nostiepts audekla pārvalks;"Dēlim W02; regulāri izžāvēt un pēc vajadzības nomainīt."
W04;4;Skavas ar mīkstiem paliktņiem;Atvērums atbilstošs galda virsmai un darba dēlim.
